GPSub_ID,GPSub,(R)Esub,TDist_0,TDist_1,Tdist_2or3,Tdist_>3,PPB_Score,Verified
GPSub_15,*NC3CN(*)C3,CCO*,12,5,14,101,0.161 ,YES
GPSub_15,*NC3CN(*)C3,CC(ON=*)*,0,0,73,0,0.285 ,YES
GPSub_15,*NC3CN(*)C3,CC1C(NC(=O)*)C(=O)N1*,45,0,0,0,0.310 ,YES
GPSub_1,CCN(CC)CCO*,*C(=O)C(C)(*)N,40,117,12,7,0.155 ,YES
GPSub_1,CCN(CC)CCO*,*C(=O)C(NC)*,206,454,40,28,0.173 ,YES
GPSub_7,*N(CCNC(C)C)*,*C(C)O,40,30,32,136,0.162 ,YES
GPSub_14,CN(C)C(=O)CNCC*,*C(C)O,151,73,108,165,0.200 ,YES
GPSub_14,CN(C)C(=O)CNCC*,*CC(C)O,306,36,207,290,0.238 ,YES
GPSub_14,CN(C)C(=O)CNCC*,*CCCNC(=O)*,712,154,106,484,0.118 ,YES
GPSub_14,CN(C)C(=O)CNCC*,CCCCC(N*)*,283,0,85,90,0.155 ,YES
GPSub_14,CN(C)C(=O)CNCC*,*C(C*)C(=O)NCC(=O)N,647,130,122,478,0.119 ,YES
GPSub_14,CN(C)C(=O)CNCC*,*NC(*)C(=O)NCC(=O)N,779,144,134,612,0.101 ,YES
GPSub_14,CN(C)C(=O)CNCC*,*C(=O)NC(*)C(=O)NCC(=O)N,518,204,0,423,0.113 ,YES
GPSub_14,CN(C)C(=O)CNCC*,*N(C)C(=O)C(NC(=O)*)*,302,58,40,214,0.177 ,YES
GPSub_14,CN(C)C(=O)CNCC*,*N(C)C(=O)C(NC(=O)C(NC)*)*,456,76,100,252,0.177 ,YES
GPSub_14,CN(C)C(=O)CNCC*,*C(=*)NC(*)C(=O)NCC(=O)N,533,204,0,423,0.144 ,YES
GPSub_14,CN(C)C(=O)CNCC*,*N(C)C(=O)C(NC(=O)C(*)*)*,380,14,92,162,0.187 ,YES
GPSub_21,*CC(=N)*,CCCC(=O)*,15,1,43,17,0.261 ,YES
GPSub_21,*CC(=N)*,*C(C)(C)C,7,0,34,19,0.219 ,YES
GPSub_21,*CC(=N)*,CCCC(=*)*,62,2,52,17,0.239 ,YES
GPSub_21,*CC(=N)*,CC(ON=*)*,81,0,0,0,0.179 ,YES
GPSub_2,CCN(C*)CCO*,*c1ccccc1,0,130,244,186,0.259 ,YES
GPSub_2,CCN(C*)CCO*,*C(=O)C(NC)*,226,482,40,28,0.134 ,YES
GPSub_16,*C(=O)NC3CN(*)C3,CCO*,14,3,93,22,0.183 ,YES
GPSub_16,*C(=O)NC3CN(*)C3,CC(ON=*)*,0,0,73,0,0.301 ,YES
GPSub_16,*C(=O)NC3CN(*)C3,CC1C(NC(=O)*)C(=O)N1*,45,0,0,0,0.325 ,YES
GPSub_12,CN(*)C(=O)CNCC*,*CC(C)C,308,329,277,781,0.107 ,YES
GPSub_12,CN(*)C(=O)CNCC*,*C(C)O,121,117,126,193,0.218 ,YES
GPSub_12,CN(*)C(=O)CNCC*,*c1cccnc1,0,6,11,67,0.288 ,YES
GPSub_12,CN(*)C(=O)CNCC*,*C(=O)C(NC)C(C)C,187,4,50,136,0.090 ,YES
GPSub_12,CN(*)C(=O)CNCC*,*C(NC(=O)*)C(C)C,165,4,30,106,0.095 ,YES
GPSub_12,CN(*)C(=O)CNCC*,*C(=O)C(NC(=O)*)C(C)C,130,4,30,106,0.120 ,YES
GPSub_12,CN(*)C(=O)CNCC*,*C(=O)C(*)C(C)C,119,39,16,126,0.088 ,YES
GPSub_12,CN(*)C(=O)CNCC*,*C(=O)C(NC)C(C)*,409,16,78,226,0.130 ,YES
GPSub_12,CN(*)C(=O)CNCC*,*C(=O)C(NC(=O)*)C(C)*,261,16,46,166,0.157 ,YES
GPSub_12,CN(*)C(=O)CNCC*,*N(C)C(=O)C(NC(=O)*)*,331,28,70,214,0.136 ,YES
GPSub_12,CN(*)C(=O)CNCC*,*N(C)C(=O)C(NC(=O)C(*)*)*,378,44,52,202,0.138 ,YES
GPSub_20,*Cn1cc(*)c(=O)cc1*,*Cc2ccc(*)cc2,38,4,3,0,0.220 ,YES
GPSub_10,*NCCNCCO,CCO*,512,78,59,340,0.107 ,YES
GPSub_10,*NCCNCCO,*c2ccccc2,0,286,498,1023,0.249 ,YES
GPSub_10,*NCCNCCO,CCCCC*,1157,769,716,1364,0.099 ,YES
GPSub_10,*NCCNCCO,CN(C)CCN(C)*,223,0,16,62,0.123 ,YES
GPSub_10,*NCCNCCO,*CCCCO*,180,21,27,211,0.149 ,YES
GPSub_10,*NCCNCCO,*CCCN(C)*,869,42,115,331,0.094 ,YES
GPSub_10,*NCCNCCO,CN(*)CCN(C)*,225,0,16,62,0.129 ,YES
GPSub_10,*NCCNCCO,CCCCC(N*)*,498,9,89,161,0.083 ,YES
GPSub_10,*NCCNCCO,*CCN(C*)CC(=O)N*,762,33,83,201,0.116 ,YES
GPSub_10,*NCCNCCO,*CCN(*)CC(=O)N*,721,8,156,219,0.139 ,YES
GPSub_10,*NCCNCCO,*CCN(C*)CC(=*)N*,797,33,83,201,0.138 ,YES
GPSub_14,*NCCN4CCCC4,*CC(C)O,74,14,101,78,0.241 ,YES
GPSub_14,*NCCN4CCCC4,*C(=O)NCCN1CCCC1,69,0,0,28,0.173 ,YES
GPSub_14,*NCCN4CCCC4,*C(=O)C(*)C(C)C,27,9,2,16,0.230 ,YES
GPSub_14,*NCCN4CCCC4,*C(=O)C(NC(=O)*)C(C)*,49,22,0,34,0.272 ,YES
GPSub_14,*NCCN4CCCC4,*C(=*)C(N*)C(C)C,29,5,2,16,0.230 ,YES
GPSub_14,*NCCN4CCCC4,*C5CCCN5C(=O)C(NC(=O)*)C(C)*,42,0,0,29,0.349 ,YES
GPSub_14,*NCCN4CCCC4,*C5CCCN5C(=O)C(NC(=O)*)*,57,0,0,32,0.151 ,YES
GPSub_3,CCN(C*)CCN*,CN1CCN(*)CC1,331,0,0,21,0.185 ,YES
GPSub_3,CCN(C*)CCN*,*Nc3ccccc3,162,34,99,94,0.179 ,YES
GPSub_3,CCN(C*)CCN*,CCN1CCN(*)CC1,431,0,0,37,0.157 ,YES
GPSub_3,CCN(C*)CCN*,CCN(CC)CCN*,2470,30,57,199,0.080 ,YES
GPSub_3,CCN(C*)CCN*,CCN(CC)CC*,5145,105,142,592,0.068 ,YES
GPSub_3,CCN(C*)CCN*,CCN(*)CCN(C)*,1281,14,7,79,0.130 ,YES
GPSub_3,CCN(C*)CCN*,*N(C*)CCN(C)*,1644,18,6,86,0.162 ,YES
GPSub_22,*Nc1cccc(NC*)c1,*CCNc1cccc(*)c1,214,4,4,0,0.152 ,YES
GPSub_11,*CCN(*)CC(=O)NCC*,*C(C)O,467,276,173,560,0.196 ,YES
GPSub_11,*CCN(*)CC(=O)NCC*,*C(O)CCN,579,74,213,385,0.172 ,YES
GPSub_6,CCN(CCN)*,CC(O)*,314,249,270,915,0.075 ,YES
GPSub_6,CCN(CCN)*,CN1CCN(*)CC1,692,0,1,33,0.133 ,YES
GPSub_6,CCN(CCN)*,*c2ccccc2,0,1078,1544,3071,0.205 ,YES
GPSub_6,CCN(CCN)*,*N1CCNCC1,1543,8,10,52,0.086 ,YES
GPSub_6,CCN(CCN)*,CN(C)CCN(C)*,1109,22,59,237,0.129 ,YES
GPSub_6,CCN(CCN)*,*C(CC)C(=O)N,1667,156,298,988,0.050 ,YES
GPSub_6,CCN(CCN)*,CN(*)CCN(C)*,1140,22,59,237,0.146 ,YES
GPSub_6,CCN(CCN)*,CCN(*)CCN(C)*,2405,80,165,633,0.133 ,YES
GPSub_13,CN(C)C(=O)CNC*,*c2ccccc2,0,48,200,421,0.118 ,YES
GPSub_13,CN(C)C(=O)CNC*,CCO*,62,42,97,97,0.127 ,YES
GPSub_13,CN(C)C(=O)CNC*,CCC(C)C*,199,11,27,159,0.106 ,YES
GPSub_13,CN(C)C(=O)CNC*,*CC(C)O,120,63,130,179,0.180 ,YES
GPSub_13,CN(C)C(=O)CNC*,CCCCCN(CC*)*,638,20,54,203,0.142 ,YES
GPSub_13,CN(C)C(=O)CNC*,*CCCNC(=O)*,433,173,16,321,0.142 ,YES
GPSub_13,CN(C)C(=O)CNC*,*C(=O)C(NC)C(C)*,307,27,26,153,0.110 ,YES
GPSub_13,CN(C)C(=O)CNC*,CCCC(NC(=O)*)*,361,127,12,277,0.125 ,YES
GPSub_13,CN(C)C(=O)CNC*,*C(=O)C(NC(=O)*)C(C)*,186,27,10,111,0.138 ,YES
GPSub_13,CN(C)C(=O)CNC*,*N(C)C(=O)C(NC(=O)*)*,189,32,7,143,0.237 ,YES
GPSub_13,CN(C)C(=O)CNC*,*C(=O)NC(CC*)C(=O)N*,384,60,59,292,0.158 ,YES
GPSub_13,CN(C)C(=O)CNC*,*C(=*)NC(C*)C(=O)NCC(=O)N,326,61,65,236,0.142 ,YES
GPSub_5,CCCN1CCN(*)CC1,CCO*,43,18,16,115,0.040 ,YES
GPSub_15,*NC3CN(*)C3,*CC(C)C,36,54,2,38,0.194 ,NO
GPSub_15,*NC3CN(*)C3,*C(=O)CC(C)C,14,28,0,0,0.120 ,NO
GPSub_15,*NC3CN(*)C3,CON=C(C(=O)N*)c1csc(N)n1,47,0,0,0,0.150 ,NO
GPSub_15,*NC3CN(*)C3,*NC(=O)C(=NO)c3csc(N)n3,49,0,0,0,0.149 ,NO
GPSub_15,*NC3CN(*)C3,*S(=O)(=O)*,0,8,27,13,0.370 ,NO
GPSub_15,*NC3CN(*)C3,*C(=O)CC(C)*,14,80,0,1,0.113 ,NO
GPSub_15,*NC3CN(*)C3,*NC(=O)C(=N*)c2csc(N)n2,50,0,0,0,0.149 ,NO
GPSub_15,*NC3CN(*)C3,CON=C(C(=O)N*)*,53,0,0,0,0.124 ,NO
GPSub_18,CCN1CC(*)C1,*c3ccccc3,0,3,44,143,0.216 ,NO
GPSub_18,CN1CC(*)C1,*c3ccccc3,0,23,41,131,0.148 ,NO
GPSub_18,CN1CC(*)C1,*OC(C)C,10,0,0,60,0.181 ,NO
GPSub_18,CN1CC(*)C1,*C(=O)C(O)*,16,0,4,34,0.219 ,NO
GPSub_1,CCN(CC)CCO*,CC(C(=O)O*)(c1ccccc1)N1CCCCC1,106,10,5,0,0.115 ,NO
GPSub_1,CCN(CC)CCO*,*Cc1ccccc1,103,24,322,41,0.123 ,NO
GPSub_1,CCN(CC)CCO*,*C(=O)O,178,10,16,15,0.094 ,NO
GPSub_1,CCN(CC)CCO*,O=C(OC1CN2CCC1CC2)*,164,0,0,0,0.147 ,NO
GPSub_1,CCN(CC)CCO*,*OC1CN2CCC1CC2,168,0,0,0,0.079 ,NO
GPSub_1,CCN(CC)CCO*,*CC(=O)O,484,35,21,6,0.166 ,NO
GPSub_1,CCN(CC)CCO*,CCCOC(=O)C*,1056,0,0,5,0.109 ,NO
GPSub_1,CCN(CC)CCO*,*C(=O)CC,79,134,32,31,0.230 ,NO
GPSub_1,CCN(CC)CCO*,CC(C(=O)O*)(c1ccccc1)*,108,10,5,0,0.118 ,NO
GPSub_1,CCN(CC)CCO*,CC(C(=O)O*)(*)N1CCCCC1,148,10,5,0,0.143 ,NO
GPSub_1,CCN(CC)CCO*,CC(C)COCC(*)*,513,3,0,0,0.141 ,NO
GPSub_1,CCN(CC)CCO*,*CN(Cc1ccccc1)*,78,4,180,10,0.141 ,NO
GPSub_1,CCN(CC)CCO*,*=C(OC1CN2CCC1CC2)*,165,0,0,0,0.142 ,NO
GPSub_1,CCN(CC)CCO*,*CCOCC*,1587,81,6,28,0.193 ,NO
GPSub_1,CCN(CC)CCO*,*CC(=O)OCC*,1524,45,0,6,0.124 ,NO
GPSub_1,CCN(CC)CCO*,*CC(=O)OC*,1004,1,30,3,0.131 ,NO
GPSub_1,CCN(CC)CCO*,*C[N+]12CCC(CC1)C(OC(=O)*)C2,169,0,0,0,0.143 ,NO
GPSub_1,CCN(CC)CCO*,*CC[N+]12CCC(CC1)C(OC(=O)*)C2,163,0,0,0,0.131 ,NO
GPSub_1,CCN(CC)CCO*,CCN(CC)CCOC(=O)C(*)*,1481,0,0,0,0.142 ,NO
GPSub_1,CCN(CC)CCO*,*C[N+]1(*)CCCCC1,534,84,71,3,0.120 ,NO
GPSub_1,CCN(CC)CCO*,CC(*)COCC(C*)*,693,6,0,0,0.141 ,NO
GPSub_1,CCN(CC)CCO*,C[N+]12CCC(CC1)C(OCC(*)(*)*)C2,164,0,0,0,0.136 ,NO
GPSub_19,*C3CN(CCO)C3,*c3ccccc3,0,0,14,86,0.160 ,NO
GPSub_7,*N(CCNC(C)C)*,*Cc2ccccc2,76,53,39,139,0.198 ,NO
GPSub_7,*N(CCNC(C)C)*,*NC(C(C)O)*,53,26,5,79,0.107 ,NO
GPSub_7,*N(CCNC(C)C)*,*C(=O)NC(C(C)O)*,32,12,14,25,0.150 ,NO
GPSub_7,*N(CCNC(C)C)*,*NC(CC(C)C)C(=O)NC*,305,42,84,386,0.135 ,NO
GPSub_14,CN(C)C(=O)CNCC*,CCC(C)C*,222,32,30,247,0.116 ,NO
GPSub_14,CN(C)C(=O)CNCC*,*CC(C)CCC*,169,0,71,105,0.147 ,NO
GPSub_14,CN(C)C(=O)CNCC*,*CCNC(=*)N,87,23,13,8,0.169 ,NO
GPSub_14,CN(C)C(=O)CNCC*,*C(CCC*)C(=O)NCC(=O)N,137,2,36,54,0.146 ,NO
GPSub_14,CN(C)C(=O)CNCC*,*C(CC*)C(=O)NCC(=O)N,545,44,90,385,0.123 ,NO
GPSub_14,CN(C)C(=O)CNCC*,*NC(CCC*)C(=O)NCC(=O)N,155,2,46,84,0.131 ,NO
GPSub_14,CN(C)C(=O)CNCC*,*NC(CC*)C(=O)NCC(=O)N,833,84,150,691,0.130 ,NO
GPSub_14,CN(C)C(=O)CNCC*,*NC(C*)C(=O)NCC(=O)N,871,170,182,692,0.150 ,NO
GPSub_14,CN(C)C(=O)CNCC*,*C(=O)NC(CC*)C(=O)N*,674,234,0,579,0.129 ,NO
GPSub_14,CN(C)C(=O)CNCC*,*C(=*)NC(CC*)C(=O)NCC(=O)N,525,134,0,369,0.170 ,NO
GPSub_14,CN(C)C(=O)CNCC*,*C(=*)NC(C*)C(=O)NCC(=O)N,583,252,0,459,0.187 ,NO
GPSub_14,CN(C)C(=O)CNCC*,*C(=*)NC(CCC*)C(=O)NCC(=O)*,137,24,34,54,0.144 ,NO
GPSub_21,*CC(=N)*,*S(=O)(=O)*,0,0,0,47,0.280 ,NO
GPSub_21,*CC(=N)*,CC1C(NC(=O)*)C(=O)N1*,43,0,0,0,0.263 ,NO
GPSub_2,CCN(C*)CCO*,CC(C(=O)O*)(c1ccccc1)N1CCCCC1,110,8,7,0,0.126 ,NO
GPSub_2,CCN(C*)CCO*,*Cc1ccccc1,119,35,353,47,0.152 ,NO
GPSub_2,CCN(C*)CCO*,*CCc3ccccc3,73,122,31,26,0.129 ,NO
GPSub_2,CCN(C*)CCO*,O=C(OC1CN2CCC1CC2)*,170,0,0,0,0.155 ,NO
GPSub_2,CCN(C*)CCO*,*OC1CN2CCC1CC2,174,0,0,0,0.092 ,NO
GPSub_2,CCN(C*)CCO*,*OCCc3ccccc3,128,11,8,1,0.128 ,NO
GPSub_2,CCN(C*)CCO*,*CCOCCc3ccccc3,388,21,0,1,0.123 ,NO
GPSub_2,CCN(C*)CCO*,*CC(=O)O,519,30,32,8,0.135 ,NO
GPSub_2,CCN(C*)CCO*,CCN(CC)CCOC(=O)*,539,0,0,8,0.068 ,NO
GPSub_2,CCN(C*)CCO*,CCCOC(=O)C*,1083,21,0,5,0.119 ,NO
GPSub_2,CCN(C*)CCO*,CCCOC(=O)*,404,8,8,19,0.062 ,NO
GPSub_2,CCN(C*)CCO*,*C(=O)CC,91,141,39,34,0.181 ,NO
GPSub_2,CCN(C*)CCO*,*C(=O)OC(C)C,185,5,5,7,0.064 ,NO
GPSub_2,CCN(C*)CCO*,CC(C(=O)O*)(c1ccccc1)*,114,8,7,0,0.128 ,NO
GPSub_2,CCN(C*)CCO*,CC(C(=O)O*)(*)N1CCCCC1,154,8,7,0,0.151 ,NO
GPSub_2,CCN(C*)CCO*,CC(C)COCC(*)*,537,3,0,0,0.147 ,NO
GPSub_2,CCN(C*)CCO*,*CN(Cc1ccccc1)*,94,14,184,14,0.167 ,NO
GPSub_2,CCN(C*)CCO*,*=C(OC1CN2CCC1CC2)*,171,0,0,0,0.150 ,NO
GPSub_2,CCN(C*)CCO*,COC(=O)C(*)*,515,9,15,0,0.143 ,NO
GPSub_2,CCN(C*)CCO*,*CCOCC*,1661,93,6,30,0.197 ,NO
GPSub_2,CCN(C*)CCO*,*CC(=O)OCC*,1590,57,0,6,0.132 ,NO
GPSub_2,CCN(C*)CCO*,*C(=O)C(C)(*)N,45,125,12,7,0.130 ,NO
GPSub_2,CCN(C*)CCO*,*C[N+]12CCC(CC1)C(OC(=O)*)C2,175,0,0,0,0.151 ,NO
GPSub_2,CCN(C*)CCO*,*CC[N+]12CCC(CC1)C(OC(=O)*)C2,163,0,0,0,0.140 ,NO
GPSub_2,CCN(C*)CCO*,CCN(CC)CCOC(=O)C(*)*,1511,0,0,0,0.149 ,NO
GPSub_2,CCN(C*)CCO*,CCN(CC)CCOC(=*)*,540,0,0,8,0.065 ,NO
GPSub_2,CCN(C*)CCO*,*C[N+]1(*)CCCCC1,558,84,71,3,0.130 ,NO
GPSub_2,CCN(C*)CCO*,*C(=*)OC(C)C,188,5,5,7,0.061 ,NO
GPSub_2,CCN(C*)CCO*,CC(*)COCC(C*)*,711,20,0,0,0.147 ,NO
GPSub_2,CCN(C*)CCO*,C[N+]12CCC(CC1)C(OCC(*)(*)*)C2,170,0,0,0,0.144 ,NO
GPSub_16,*C(=O)NC3CN(*)C3,*C(C)(C)C,14,25,0,23,0.193 ,NO
GPSub_16,*C(=O)NC3CN(*)C3,CON=C(C(=O)N*)c1csc(N)n1,47,0,0,0,0.168 ,NO
GPSub_16,*C(=O)NC3CN(*)C3,*NC(=O)C(=NO)c3csc(N)n3,49,0,0,0,0.168 ,NO
GPSub_16,*C(=O)NC3CN(*)C3,*S(=O)(=O)*,0,4,27,13,0.370 ,NO
GPSub_16,*C(=O)NC3CN(*)C3,*NC(=O)C(=N*)c2csc(N)n2,50,0,0,0,0.168 ,NO
GPSub_16,*C(=O)NC3CN(*)C3,CON=C(C(=O)N*)*,53,0,0,0,0.143 ,NO
GPSub_12,CN(*)C(=O)CNCC*,CCCC*,1974,678,648,2234,0.097 ,NO
GPSub_12,CN(*)C(=O)CNCC*,*c1nccs1,0,50,0,3,0.111 ,NO
GPSub_12,CN(*)C(=O)CNCC*,CON=C(C(=O)N*)c1csc(N)n1,47,0,0,0,0.109 ,NO
GPSub_12,CN(*)C(=O)CNCC*,*CC(C)O,316,68,191,342,0.153 ,NO
GPSub_12,CN(*)C(=O)CNCC*,*NC(=O)C(=NO)c3csc(N)n3,49,0,0,0,0.106 ,NO
GPSub_12,CN(*)C(=O)CNCC*,*C(=O)C(O)*,68,0,43,4,0.144 ,NO
GPSub_12,CN(*)C(=O)CNCC*,*NC(=O)C(=N*)c2csc(N)n2,50,0,0,0,0.105 ,NO
GPSub_12,CN(*)C(=O)CNCC*,CON=C(C(=O)N*)*,53,0,0,0,0.083 ,NO
GPSub_12,CN(*)C(=O)CNCC*,*NC(=O)C(NC)C(C)*,332,76,74,380,0.285 ,NO
GPSub_12,CN(*)C(=O)CNCC*,*NC(=O)C(*)C(C)C,186,42,8,250,0.234 ,NO
GPSub_12,CN(*)C(=O)CNCC*,CCC(N*)C(=O)*,1057,35,306,750,0.136 ,NO
GPSub_12,CN(*)C(=O)CNCC*,*C(=*)NC(C*)C(=O)NCC(=O)N,611,172,80,459,0.147 ,NO
GPSub_20,*Cn1cc(*)c(=O)cc1*,O=C(O)c1cn(C*)c2c(F)cccc2c1=O,50,0,0,0,0.126 ,NO
GPSub_10,*NCCNCCO,*Cc2ccccc2,109,196,355,357,0.082 ,NO
GPSub_10,*NCCNCCO,CCCCCC*,756,554,772,640,0.103 ,NO
GPSub_10,*NCCNCCO,*NCCOC,418,2,15,81,0.119 ,NO
GPSub_14,*NCCN4CCCC4,*C(=O)NCC(=O)N,132,16,19,104,0.145 ,NO
GPSub_14,*NCCN4CCCC4,*C(=*)NC(C*)C(=O)NC*,474,32,41,292,0.129 ,NO
GPSub_3,CCN(C*)CCN*,*Cc1ccccc1,324,204,439,627,0.042 ,NO
GPSub_3,CCN(C*)CCN*,COC*,414,189,257,377,0.043 ,NO
GPSub_22,*Nc1cccc(NC*)c1,C=CC(=O)*,9,2,0,8,0.117 ,NO
GPSub_22,*Nc1cccc(NC*)c1,*NC(=O)c3ccccc3*,46,0,0,0,0.124 ,NO
GPSub_22,*Nc1cccc(NC*)c1,*NCc2ccccc2*,48,0,0,0,0.130 ,NO
GPSub_22,*Nc1cccc(NC*)c1,*CCCNc1cccc(N*)c1,88,0,0,0,0.125 ,NO
GPSub_22,*Nc1cccc(NC*)c1,*CCCNc1cccc(*)c1,57,0,0,0,0.130 ,NO
GPSub_11,*CCN(*)CC(=O)NCC*,*C(=O)C(C(C)C)*,321,66,58,213,0.104 ,NO
GPSub_11,*CCN(*)CC(=O)NCC*,*NC(=O)C(C(C)C)*,672,16,112,382,0.151 ,NO
GPSub_11,*CCN(*)CC(=O)NCC*,CC(C)C(NC(=O)*)*,345,24,80,209,0.104 ,NO
GPSub_11,*CCN(*)CC(=O)NCC*,*C(=O)NC(*)C(C)O,366,72,165,212,0.162 ,NO
GPSub_6,CCN(CCN)*,*Cc1ccccc1,314,506,610,1234,0.081 ,NO
GPSub_6,CCN(CCN)*,*Nc3ccccc3,563,76,190,236,0.079 ,NO
GPSub_13,CN(C)C(=O)CNC*,*C(=O)OC,18,22,20,25,0.110 ,NO
GPSub_13,CN(C)C(=O)CNC*,CCCC*,1460,339,338,1281,0.113 ,NO
GPSub_13,CN(C)C(=O)CNC*,COC*,95,73,48,104,0.096 ,NO
GPSub_13,CN(C)C(=O)CNC*,NCCCC*,629,50,157,395,0.093 ,NO
GPSub_13,CN(C)C(=O)CNC*,*C(=O)C(NC(=O)*)C(C)C,90,18,5,70,0.092 ,NO
GPSub_13,CN(C)C(=O)CNC*,*CCCCC(=O)N*,195,0,52,64,0.102 ,NO
GPSub_13,CN(C)C(=O)CNC*,CCC(N*)C(=O)*,692,15,160,425,0.151 ,NO
GPSub_13,CN(C)C(=O)CNC*,*CCCN(CCC*)*,306,41,48,242,0.126 ,NO
GPSub_13,CN(C)C(=O)CNC*,*C(=O)NC(CCC*)C(=O)NC*,156,43,26,75,0.129 ,NO
GPSub_13,CN(C)C(=O)CNC*,*C(=*)NC(CCC*)C(=O)NC*,171,43,26,75,0.147 ,NO
GPSub_5,CCCN1CCN(*)CC1,*Oc1ccccc1,0,7,14,14,0.104 ,NO
GPSub_4,*N(C)CC(C)N,*C(=O)C(NC)C(C)*,126,34,18,128,0.140 ,NO
GPSub_4,*N(C)CC(C)N,*NC(=O)C(NC)C(C)*,242,13,46,198,0.151 ,NO
GPSub_4,*N(C)CC(C)N,*C(=O)C(NC(=O)*)C(C)*,90,30,10,98,0.175 ,NO
GPSub_4,*N(C)CC(C)N,*N(C)C(=O)C(NC(=O)*)*,187,10,24,122,0.112 ,NO
GPSub_4,*N(C)CC(C)N,*N(C)C(=O)C(N*)*,390,0,56,152,0.157 ,NO
GPSub_4,*N(C)CC(C)N,*C(NC(=O)C(NC)C(C)*)*,159,8,26,110,0.144 ,NO
GPSub_4,*N(C)CC(C)N,*C(=O)NC(C*)C(=O)NC*,818,58,131,657,0.082 ,NO
GPSub_18,CN1CC(*)C1,*C(=O)NC2C(=O)N3C(=CCSC23)C(=O)O,57,0,0,0,-0.160 ,NO
GPSub_18,CN1CC(*)C1,*NC(=O)Cc3ccccc3,2,33,0,3,-0.161 ,NO
GPSub_18,CN1CC(*)C1,*C3CN(CCO)C3,106,0,0,0,-0.447 ,YES
GPSub_18,CN1CC(*)C1,CC=C*,265,7,4,12,-0.296 ,NO
GPSub_18,CN1CC(*)C1,*C(=O)NC1C(=O)N2C(=C(C)CSC12)C(=O)O,55,0,0,0,-0.152 ,NO
GPSub_18,CN1CC(*)C1,*CSC*,278,14,5,0,-0.389 ,YES
GPSub_18,CN1CC(*)C1,*C1=C(C(=O)O)N2C(=O)C(NC(=O)C*)C2SC1,73,0,0,0,-0.163 ,NO
GPSub_14,CN(C)C(=O)CNCC*,CC=CC*,298,20,64,63,-0.117 ,NO
GPSub_14,CN(C)C(=O)CNCC*,*CC(=O)O,331,2,77,17,-0.239 ,YES
GPSub_14,CN(C)C(=O)CNCC*,*C(=O)NC2C(=O)N3C(=CCSC23)C(=O)O,70,0,0,0,-0.156 ,NO
GPSub_14,CN(C)C(=O)CNCC*,*C(=O)Cc3ccccc3,65,0,8,11,-0.182 ,NO
GPSub_14,CN(C)C(=O)CNCC*,*NC(=O)Cc3ccccc3,61,0,0,5,-0.194 ,NO
GPSub_14,CN(C)C(=O)CNCC*,*C(=O)NC1C(=O)N2C(=C(C)CSC12)C(=O)O,67,0,0,0,-0.150 ,NO
GPSub_14,CN(C)C(=O)CNCC*,CC(NC(C*)C(=O)O)*,106,0,0,0,-0.135 ,NO
GPSub_14,CN(C)C(=O)CNCC*,*CSC*,342,2,8,24,-0.240 ,YES
GPSub_14,CN(C)C(=O)CNCC*,*C1=C(C(=O)O)N2C(=O)C(NC(=O)C*)C2SC1,101,0,0,0,-0.159 ,NO
GPSub_14,CN(C)C(=O)CNCC*,*C(NCC(=O)O)*,172,0,4,0,-0.315 ,YES
GPSub_14,CN(C)C(=O)CNCC*,*C2CCN2*,120,0,0,4,-0.199 ,YES
GPSub_14,CN(C)C(=O)CNCC*,*C=C(*)N*,304,18,43,9,-0.157 ,NO
GPSub_14,CN(C)C(=O)CNCC*,*C2CCN2C(=*)*,89,0,4,0,-0.115 ,NO
GPSub_14,CN(C)C(=O)CNCC*,*C(=O)NC(C*)C(=O)NCC(=O)*,703,140,142,475,-0.146 ,NO
GPSub_14,CN(C)C(=O)CNCC*,*C(=O)NC(*)C(=O)NCC(=O)*,647,102,122,431,-0.138 ,NO
GPSub_13,CN(C)C(=O)CNC*,*C(=O)O,18,173,32,59,-0.167 ,YES
GPSub_13,CN(C)C(=O)CNC*,*CC(=O)O,289,10,21,81,-0.224 ,YES
GPSub_13,CN(C)C(=O)CNC*,CC=CC*,205,27,15,84,-0.186 ,NO
GPSub_13,CN(C)C(=O)CNC*,CC=C*,245,12,33,85,-0.158 ,NO
GPSub_13,CN(C)C(=O)CNC*,*NCCO,455,15,42,121,-0.249 ,NO
GPSub_13,CN(C)C(=O)CNC*,*C(=O)NC2C(=O)N3C(=CCSC23)C(=O)O,54,0,2,0,-0.217 ,NO
GPSub_13,CN(C)C(=O)CNC*,*C(=O)NC1C(=O)N2C(=C(C)CSC12)C(=O)O,52,0,2,0,-0.212 ,NO
GPSub_13,CN(C)C(=O)CNC*,CC(NC(C*)C(=O)O)*,102,0,0,8,-0.122 ,NO
GPSub_13,CN(C)C(=O)CNC*,*N1CC(*)C1,103,0,0,8,-0.185 ,YES
GPSub_13,CN(C)C(=O)CNC*,CC(=O)NC(C*)C(=O)*,572,10,112,270,-0.202 ,NO
GPSub_13,CN(C)C(=O)CNC*,*CSC*,278,11,4,42,-0.251 ,YES
GPSub_13,CN(C)C(=O)CNC*,CCC(NC(*)C(=O)O)*,80,0,0,4,-0.144 ,NO
GPSub_13,CN(C)C(=O)CNC*,CN(C)C(=*)C(=O)*,74,0,3,7,-0.276 ,YES
GPSub_13,CN(C)C(=O)CNC*,*C1=C(C(=O)O)N2C(=O)C(NC(=O)C*)C2SC1,69,0,4,0,-0.220 ,NO
GPSub_13,CN(C)C(=O)CNC*,*C(NCC(=O)O)*,151,0,0,8,-0.324 ,YES
GPSub_13,CN(C)C(=O)CNC*,*C(=*)N1CC(*)C1,75,0,0,4,-0.142 ,NO
GPSub_13,CN(C)C(=O)CNC*,*C=C(*)N*,248,0,35,17,-0.221 ,YES
GPSub_13,CN(C)C(=O)CNC*,*NC(*)C(=O)NCC(=O)*,575,12,151,333,-0.248 ,NO
GPSub_13,CN(C)C(=O)CNC*,*C(=O)NC(C*)C(=O)NCC(=O)*,407,77,71,250,-0.169 ,NO
GPSub_13,CN(C)C(=O)CNC*,*C(=O)NC(*)C(=O)NCC(=O)*,381,55,63,224,-0.164 ,NO
GPSub_12,CN(*)C(=O)CNCC*,CSC*,171,224,15,49,-0.209 ,NO
GPSub_12,CN(*)C(=O)CNCC*,CC=CC*,298,20,64,79,-0.168 ,NO
GPSub_12,CN(*)C(=O)CNCC*,CC=C*,311,11,99,116,-0.098 ,NO
GPSub_12,CN(*)C(=O)CNCC*,O=C(O)*,28,158,85,52,-0.253 ,YES
GPSub_12,CN(*)C(=O)CNCC*,*CC(=O)O,258,149,118,17,-0.250 ,YES
GPSub_12,CN(*)C(=O)CNCC*,*C(=O)NC2C(=O)N3C(=CCSC23)C(=O)O,70,0,0,0,-0.200 ,NO
GPSub_12,CN(*)C(=O)CNCC*,CCN(CC)CC*,1476,13,184,151,-0.106 ,NO
GPSub_12,CN(*)C(=O)CNCC*,CCN(CC)C*,649,19,49,72,-0.239 ,YES
GPSub_12,CN(*)C(=O)CNCC*,*C=CC(=O)O,151,0,12,4,-0.240 ,YES
GPSub_12,CN(*)C(=O)CNCC*,*C(=O)NC1C(=O)N2C(=C(C)CSC12)C(=O)O,67,0,0,0,-0.195 ,NO
GPSub_12,CN(*)C(=O)CNCC*,CSCC(*)*,148,3,10,25,-0.249 ,NO
GPSub_12,CN(*)C(=O)CNCC*,CC(NC(C*)C(=O)O)*,116,0,0,0,-0.140 ,NO
GPSub_12,CN(*)C(=O)CNCC*,*C=CC(=O)*,152,0,27,15,-0.214 ,YES
GPSub_12,CN(*)C(=O)CNCC*,*C1=C(C(=O)O)N2C(=O)C(NC(=O)C*)C2SC1,101,0,0,0,-0.203 ,NO
GPSub_12,CN(*)C(=O)CNCC*,*C(NCC(=O)O)*,182,0,4,0,-0.309 ,YES
GPSub_12,CN(*)C(=O)CNCC*,*C2CCN2*,152,0,0,4,-0.150 ,NO
GPSub_12,CN(*)C(=O)CNCC*,*C=C(*)N*,304,18,43,13,-0.193 ,YES
GPSub_12,CN(*)C(=O)CNCC*,*C1C(*)C(=O)N1*,156,0,0,4,-0.129 ,NO
GPSub_12,CN(*)C(=O)CNCC*,*C2CCN2C(=*)*,89,0,4,0,-0.166 ,YES
GPSub_12,CN(*)C(=O)CNCC*,*NC(*)C(=O)NCC(=O)*,996,2,314,628,-0.208 ,NO
GPSub_12,CN(*)C(=O)CNCC*,*C(=O)NC(C*)C(=O)NCC(=O)*,731,52,230,475,-0.173 ,YES
GPSub_12,CN(*)C(=O)CNCC*,*C(=O)NC(*)C(=O)NCC(=O)*,662,34,190,431,-0.162 ,NO
GPSub_12,CN(*)C(=O)CNCC*,*C(=O)NC(C*)C(=O)NC*,1632,90,456,954,-0.123 ,NO
GPSub_18,CCN1CC(*)C1,CC=C*,265,7,4,12,-0.206 ,NO
GPSub_18,CCN1CC(*)C1,NC(C(=O)N*)c1ccccc1,0,33,0,3,-0.231 ,NO
GPSub_6,CCN(CCN)*,*C(=O)O,126,172,320,379,-0.182 ,YES
GPSub_6,CCN(CCN)*,*CC(=O)O,301,356,270,222,-0.166 ,YES
GPSub_6,CCN(CCN)*,*CC(=O)N,3694,489,745,2771,-0.066 ,NO
GPSub_6,CCN(CCN)*,*N1CCCC1,473,8,31,132,-0.082 ,NO
GPSub_6,CCN(CCN)*,CN(C)CC(=O)*,1365,74,133,572,-0.148 ,YES
GPSub_6,CCN(CCN)*,*C(=O)NC,3838,241,745,2230,-0.065 ,NO
GPSub_6,CCN(CCN)*,*C(=O)NC(C)C,1727,343,252,1258,-0.098 ,NO
GPSub_6,CCN(CCN)*,*C(=O)C(C)NC,2302,410,328,1769,-0.078 ,NO
GPSub_6,CCN(CCN)*,*NC(=O)C(C)NC,3177,231,489,1938,-0.066 ,NO
GPSub_6,CCN(CCN)*,CNC(=O)C*,5660,391,1024,3455,-0.088 ,NO
GPSub_6,CCN(CCN)*,CN(C)C(=O)C*,2091,63,239,977,-0.129 ,YES
GPSub_6,CCN(CCN)*,CN(C)C(=O)*,1487,49,157,588,-0.094 ,YES
GPSub_6,CCN(CCN)*,*C(C)C(=O)N,1643,214,320,1255,-0.084 ,NO
GPSub_6,CCN(CCN)*,*NC(C)C(=O)N,2162,176,376,1461,-0.072 ,NO
GPSub_6,CCN(CCN)*,*C(=O)NC(C)C(=O)N,1321,114,266,1027,-0.097 ,NO
GPSub_6,CCN(CCN)*,*CCNC(C)C,4850,626,445,2191,-0.115 ,NO
GPSub_6,CCN(CCN)*,*CCCNC(C)C,1994,357,299,1173,-0.096 ,NO
GPSub_6,CCN(CCN)*,*NCCO,1713,142,297,662,-0.110 ,YES
GPSub_6,CCN(CCN)*,*NCC(=O)N,2914,213,461,1649,-0.074 ,NO
GPSub_6,CCN(CCN)*,*C(=O)NCC(=O)N,1437,127,284,1121,-0.089 ,NO
GPSub_6,CCN(CCN)*,CCNC(=O)*,5073,542,851,2935,-0.077 ,NO
GPSub_6,CCN(CCN)*,*C(=O)NCCN,2661,143,303,1171,-0.091 ,YES
GPSub_6,CCN(CCN)*,*CCC(=O)*,1703,957,409,1998,-0.070 ,NO
GPSub_6,CCN(CCN)*,CN(*)CC(=O)*,1379,77,134,579,-0.134 ,NO
GPSub_6,CCN(CCN)*,*C(C(=O)NC(C)C)*,1410,275,151,942,-0.129 ,NO
GPSub_6,CCN(CCN)*,*C(=O)C(C)N*,2253,445,341,1809,-0.064 ,NO
GPSub_6,CCN(CCN)*,*NC(=O)C(*)NC,3366,243,477,1974,-0.063 ,NO
GPSub_6,CCN(CCN)*,*CCCCC(=O)*,847,252,91,481,-0.054 ,NO
GPSub_6,CCN(CCN)*,CCN(C*)CCNC(=O)*,1517,14,58,245,-0.125 ,YES
GPSub_6,CCN(CCN)*,CCN(*)CCNC(=O)*,2897,90,255,905,-0.066 ,NO
GPSub_6,CCN(CCN)*,*C(=O)NC(C)C(=O)*,1251,297,196,1206,-0.129 ,NO
GPSub_6,CCN(CCN)*,CC(=O)NC(C*)C(=O)*,1564,337,187,1159,-0.166 ,NO
GPSub_6,CCN(CCN)*,CC(=O)NC(*)C(=O)*,1248,292,158,1106,-0.166 ,NO
GPSub_6,CCN(CCN)*,CC(=O)NC(C*)*,3626,442,641,2400,-0.153 ,NO
GPSub_6,CCN(CCN)*,NC(C(=O)*)*,1591,436,279,1403,-0.070 ,NO
GPSub_6,CCN(CCN)*,*C(=O)NCC(=O)*,1424,322,216,1333,-0.115 ,YES
GPSub_6,CCN(CCN)*,*C(NC)C(C)*,1595,72,286,620,-0.094 ,NO
GPSub_6,CCN(CCN)*,*C(C)C(=O)NC(C)*,1655,188,297,1028,-0.092 ,NO
GPSub_6,CCN(CCN)*,CC(C(=O)NC*)*,3857,252,734,2233,-0.110 ,YES
GPSub_6,CCN(CCN)*,CCN(C*)CC(=O)*,1488,30,47,162,-0.164 ,YES
GPSub_6,CCN(CCN)*,CCN(*)CC(=O)*,2520,127,167,689,-0.144 ,YES
GPSub_6,CCN(CCN)*,*CCN(CC(=O)O)C*,647,32,59,20,-0.252 ,NO
GPSub_6,CCN(CCN)*,*CN(CC*)C(=O)*,3664,72,107,449,-0.113 ,YES
GPSub_6,CCN(CCN)*,*NC(*)C(=O)NCC(=O)*,1611,283,253,1279,-0.181 ,YES
GPSub_6,CCN(CCN)*,*C(=O)NC(C*)C(=O)NCC(=O)*,1328,218,227,980,-0.185 ,YES
GPSub_6,CCN(CCN)*,*C(=O)NC(*)C(=O)NCC(=O)*,1086,207,163,909,-0.174 ,NO
GPSub_6,CCN(CCN)*,*C(=O)NC(C*)C(=O)NC*,3666,117,758,2302,-0.108 ,YES
GPSub_1,CCN(CC)CCO*,*C(NC)C(C)*,107,6,4,36,-0.120 ,YES
GPSub_2,CCN(C*)CCO*,*C(NC)C(C)*,127,18,4,36,-0.148 ,YES
GPSub_3,CCN(C*)CCN*,*C(=O)O,121,169,184,189,-0.168 ,YES
GPSub_3,CCN(C*)CCN*,*CC(=O)O,341,232,136,118,-0.209 ,YES
GPSub_3,CCN(C*)CCN*,C=CC(=O)*,79,4,13,64,-0.187 ,NO
GPSub_3,CCN(C*)CCN*,*CC(=O)N,2232,134,320,935,-0.142 ,NO
GPSub_3,CCN(C*)CCN*,*N1CCCC1,323,16,24,91,-0.085 ,NO
GPSub_3,CCN(C*)CCN*,CC(=O)*,1178,420,251,766,-0.133 ,NO
GPSub_3,CCN(C*)CCN*,*C(=O)NC,2188,166,219,750,-0.198 ,YES
GPSub_3,CCN(C*)CCN*,*NC(C)C,2213,167,195,638,-0.145 ,YES
GPSub_3,CCN(C*)CCN*,*C(=O)NC(C)C,1040,144,79,388,-0.169 ,YES
GPSub_3,CCN(C*)CCN*,*C(C)NC,3171,242,317,838,-0.134 ,YES
GPSub_3,CCN(C*)CCN*,*C(=O)C(C)NC,1430,133,118,465,-0.130 ,NO
GPSub_3,CCN(C*)CCN*,*NC(=O)C(C)NC,1729,37,141,454,-0.148 ,YES
GPSub_3,CCN(C*)CCN*,CN(C)CC(=O)*,786,12,41,85,-0.184 ,YES
GPSub_3,CCN(C*)CCN*,CNC(=O)C*,3488,113,308,1007,-0.175 ,YES
GPSub_3,CCN(C*)CCN*,CN(C)C(=O)C*,1284,14,45,207,-0.165 ,YES
GPSub_3,CCN(C*)CCN*,CN(C)C(=O)*,850,25,28,145,-0.142 ,YES
GPSub_3,CCN(C*)CCN*,*C(C)C(=O)N,976,64,132,414,-0.152 ,NO
GPSub_3,CCN(C*)CCN*,*C(=O)NC(C)C(=O)N,696,34,94,321,-0.141 ,NO
GPSub_3,CCN(C*)CCN*,*CNC(C)C,2808,175,152,538,-0.148 ,YES
GPSub_3,CCN(C*)CCN*,*CCNC(C)C,3180,162,229,659,-0.178 ,YES
GPSub_3,CCN(C*)CCN*,*CCCNC(C)C,1337,112,140,351,-0.094 ,NO
GPSub_3,CCN(C*)CCN*,*NCCO,1304,103,119,332,-0.169 ,NO
GPSub_3,CCN(C*)CCN*,*NCC(=O)N,1579,39,136,441,-0.155 ,YES
GPSub_3,CCN(C*)CCN*,*C(=O)NCC(=O)N,763,40,92,350,-0.129 ,YES
GPSub_3,CCN(C*)CCN*,CCNC(=O)*,2998,321,252,1060,-0.206 ,YES
GPSub_3,CCN(C*)CCN*,CC=C*,282,36,117,188,-0.162 ,NO
GPSub_3,CCN(C*)CCN*,*C(=O)NCCN,1522,40,98,387,-0.156 ,YES
GPSub_3,CCN(C*)CCN*,*CCC(=O)*,1195,368,252,703,-0.133 ,NO
GPSub_3,CCN(C*)CCN*,*C(C(=O)NC(C)C)*,958,72,44,268,-0.147 ,NO
GPSub_3,CCN(C*)CCN*,*C(=O)C(*)NC,1560,165,156,510,-0.126 ,NO
GPSub_3,CCN(C*)CCN*,*NC(=O)C(*)NC,1911,40,135,480,-0.144 ,YES
GPSub_3,CCN(C*)CCN*,*C(=O)C(NC(=O)C(C)NC)*,633,66,60,238,-0.148 ,NO
GPSub_3,CCN(C*)CCN*,CCN(C*)CCNC(=O)*,1257,16,43,182,-0.163 ,YES
GPSub_3,CCN(C*)CCN*,CCN(*)CCNC(=O)*,1667,20,67,224,-0.141 ,YES
GPSub_3,CCN(C*)CCN*,*C(=O)NC(C)C(=O)*,760,105,62,372,-0.178 ,YES
GPSub_3,CCN(C*)CCN*,CC(=O)NC(C*)C(=O)*,944,95,70,333,-0.232 ,YES
GPSub_3,CCN(C*)CCN*,CC(=O)NC(C*)*,2519,161,231,791,-0.209 ,YES
GPSub_3,CCN(C*)CCN*,*CSC*,476,40,25,58,-0.290 ,YES
GPSub_3,CCN(C*)CCN*,*C(=O)NCC(=O)*,876,128,61,417,-0.167 ,YES
GPSub_3,CCN(C*)CCN*,CC(C(=O)NCC*)*,2676,152,217,808,-0.197 ,YES
GPSub_3,CCN(C*)CCN*,CC(C(=O)NC*)*,2597,99,245,776,-0.164 ,YES
GPSub_3,CCN(C*)CCN*,CCN(C*)CC(=O)*,1102,16,35,85,-0.189 ,YES
GPSub_3,CCN(C*)CCN*,CCN(*)CC(=O)*,1526,40,63,153,-0.186 ,YES
GPSub_3,CCN(C*)CCN*,*C(=*)NCCN,1681,44,104,399,-0.149 ,YES
GPSub_3,CCN(C*)CCN*,*C(NCC(=O)O)*,236,4,3,10,-0.329 ,YES
GPSub_3,CCN(C*)CCN*,*C2CCN2*,141,0,2,13,-0.266 ,YES
GPSub_3,CCN(C*)CCN*,*C(*)C(=O)NCC(=O)N,688,22,87,216,-0.167 ,NO
GPSub_3,CCN(C*)CCN*,*CCN(CC(=O)O)C*,594,24,20,10,-0.280 ,YES
GPSub_3,CCN(C*)CCN*,*C(=O)C(NC(=O)C(C)*)*,662,73,43,264,-0.159 ,NO
GPSub_3,CCN(C*)CCN*,*C(=O)C(NC(=O)C(*)NC)*,712,69,53,253,-0.141 ,NO
GPSub_3,CCN(C*)CCN*,*CN(CC*)C(=O)*,2715,39,51,320,-0.145 ,YES
GPSub_3,CCN(C*)CCN*,*NC(*)C(=O)NCC(=O)*,812,71,61,269,-0.260 ,YES
GPSub_3,CCN(C*)CCN*,*NC(*)C(=O)NC*,2952,75,215,852,-0.165 ,YES
GPSub_3,CCN(C*)CCN*,*C(=O)NC(C*)C(=O)NCC(=O)*,660,64,63,260,-0.242 ,YES
GPSub_3,CCN(C*)CCN*,*C(=O)NC(*)C(=O)NCC(=O)*,567,61,45,241,-0.239 ,NO
GPSub_3,CCN(C*)CCN*,*C(=O)NC(C*)C(=O)NC*,2222,87,225,904,-0.154 ,YES
GPSub_10,*NCCNCCO,CC=CC*,466,83,66,48,-0.162 ,NO
GPSub_10,*NCCNCCO,CC=C*,496,68,88,46,-0.138 ,NO
GPSub_10,*NCCNCCO,*C(=O)O,335,11,168,119,-0.215 ,YES
GPSub_10,*NCCNCCO,CN(C)CC(=O)*,473,39,22,124,-0.184 ,NO
GPSub_10,*NCCNCCO,*NC(=O)C(C)NC,1098,90,213,386,-0.221 ,NO
GPSub_10,*NCCNCCO,*CC(=O)O,529,216,37,111,-0.232 ,YES
GPSub_10,*NCCNCCO,*C(=O)NC(C)C(=O)N,559,69,126,249,-0.154 ,NO
GPSub_10,*NCCNCCO,*C(=O)NC2C(=O)N3C(=CCSC23)C(=O)O,120,0,0,2,-0.245 ,NO
GPSub_10,*NCCNCCO,*C(=O)Cc3ccccc3,29,79,10,21,-0.134 ,NO
GPSub_10,*NCCNCCO,*C(=O)NC1C(=O)N2C(=C(C)CSC12)C(=O)O,116,0,0,2,-0.240 ,NO
GPSub_10,*NCCNCCO,*C(=O)NCCN,915,55,154,321,-0.149 ,NO
GPSub_10,*NCCNCCO,*C(=O)N(C)*,466,26,19,140,-0.234 ,NO
GPSub_10,*NCCNCCO,*CC(=O)N(C)*,770,4,77,169,-0.247 ,NO
GPSub_10,*NCCNCCO,CN(*)CC(=O)*,492,26,35,124,-0.175 ,NO
GPSub_10,*NCCNCCO,CC(NC(C*)C(=O)O)*,198,0,4,0,-0.126 ,NO
GPSub_10,*NCCNCCO,*C(=O)NC(C)C(=O)*,588,180,39,343,-0.246 ,YES
GPSub_10,*NCCNCCO,CC(=O)NC(C*)C(=O)*,840,191,80,336,-0.259 ,YES
GPSub_10,*NCCNCCO,CC(=O)NC(*)C(=O)*,642,135,64,303,-0.274 ,YES
GPSub_10,*NCCNCCO,CC(=O)NC(C*)*,1929,217,371,726,-0.262 ,NO
GPSub_10,*NCCNCCO,*CSC*,288,314,18,8,-0.247 ,YES
GPSub_10,*NCCNCCO,*C(=O)NCC(=O)*,739,189,57,387,-0.231 ,YES
GPSub_10,*NCCNCCO,*C1=C(C(=O)O)N2C(=O)C(NC(=O)C*)C2SC1,162,0,0,2,-0.248 ,NO
GPSub_10,*NCCNCCO,*C(NCC(=O)O)*,298,0,4,2,-0.300 ,YES
GPSub_10,*NCCNCCO,*C2CCN2*,191,0,0,2,-0.299 ,YES
GPSub_10,*NCCNCCO,*CCN(CC(=O)O)C*,605,14,14,14,-0.254 ,YES
GPSub_10,*NCCNCCO,*C1C(NC(=O)*)C(=O)N1*,187,0,0,2,-0.281 ,YES
GPSub_10,*NCCNCCO,*C2CCN2C(=*)*,130,0,0,2,-0.276 ,NO
GPSub_10,*NCCNCCO,*CCN(C*)CC(=O)*,1223,81,48,252,-0.213 ,NO
GPSub_9,*NCCN4CCCC4,*CCNC(C)C,404,52,17,187,-0.244 ,NO
GPSub_9,*NCCN4CCCC4,*CCCCNC(C)C,143,27,13,27,-0.139 ,NO
GPSub_9,*NCCN4CCCC4,*C(=O)N1CCCC1C(=O)O,19,0,0,0,-0.239 ,NO
GPSub_9,*NCCN4CCCC4,CC(NC(C*)C(=O)O)C(=O)N1CCCC1C(=O)O,18,0,0,0,-0.236 ,NO
GPSub_9,*NCCN4CCCC4,*CC(=O)O,39,36,9,7,-0.288 ,YES
GPSub_9,*NCCN4CCCC4,CCCC(N*)C(=O)O,45,0,2,0,-0.212 ,NO
GPSub_9,*NCCN4CCCC4,*C(=O)C4CCCN4C(=O)*,52,0,0,14,-0.195 ,NO
GPSub_9,*NCCN4CCCC4,*CCCCC(=O)*,93,25,19,61,-0.136 ,NO
GPSub_9,*NCCN4CCCC4,CC(NC(CC*)C(=O)O)C(=O)*,18,0,0,0,-0.236 ,NO
GPSub_9,*NCCN4CCCC4,CC(NC(CC*)C(=O)O)*,19,0,0,0,-0.239 ,NO
GPSub_9,*NCCN4CCCC4,*NC(*)C(=O)O,62,0,2,2,-0.204 ,NO
GPSub_9,*NCCN4CCCC4,CC(=O)NC(C*)C(=O)*,132,37,14,95,-0.262 ,NO
GPSub_9,*NCCN4CCCC4,CCCC(NC(=O)*)C(=O)*,92,35,6,31,-0.172 ,NO
GPSub_9,*NCCN4CCCC4,*NC(C)C(=O)N1CCCC1C(=O)*,51,0,0,14,-0.183 ,NO
GPSub_9,*NCCN4CCCC4,CCC(NC(*)C(=O)O)*,26,0,0,0,-0.209 ,NO
GPSub_9,*NCCN4CCCC4,CCCC(N*)C(=*)O,45,0,2,6,-0.191 ,NO
GPSub_9,*NCCN4CCCC4,CC(NC(CC*)*)C(=O)*,51,0,0,0,-0.172 ,NO
GPSub_9,*NCCN4CCCC4,CC(NC(CC*)C(=O)*)*,38,0,0,0,-0.192 ,NO
GPSub_9,*NCCN4CCCC4,*NC(*)C(=*)O,62,0,2,4,-0.185 ,NO
GPSub_9,*NCCN4CCCC4,CCCC(NC(=*)*)C(=O)*,93,45,6,31,-0.137 ,NO
GPSub_9,*NCCN4CCCC4,*NC(*)C(=O)NCC(=O)*,140,24,17,76,-0.225 ,NO
GPSub_9,*NCCN4CCCC4,*CCCCC(N*)C(=O)*,34,2,1,5,-0.150 ,NO
GPSub_15,*NC3CN(*)C3,CSC*,292,0,7,11,-0.306 ,NO
GPSub_15,*NC3CN(*)C3,C=CC(=O)*,0,57,3,4,-0.267 ,NO
GPSub_15,*NC3CN(*)C3,*C(=O)NC2C(=O)N3C(=CCSC23)C(=O)O,54,0,0,0,-0.258 ,NO
GPSub_15,*NC3CN(*)C3,*Cc3ccccc3,0,5,63,11,-0.183 ,NO
GPSub_15,*NC3CN(*)C3,*NC(=O)Cc3ccccc3,34,0,0,3,-0.244 ,NO
GPSub_15,*NC3CN(*)C3,CC=C*,0,223,13,6,-0.279 ,NO
GPSub_15,*NC3CN(*)C3,*C(=O)NC1C(=O)N2C(=C(C)CSC12)C(=O)O,52,0,0,0,-0.246 ,NO
GPSub_15,*NC3CN(*)C3,CSCC(*)*,112,0,0,3,-0.344 ,NO
GPSub_15,*NC3CN(*)C3,*C1=C(C(=O)O)N2C(=O)C(NC(=O)C*)C2SC1,69,0,0,0,-0.259 ,NO
GPSub_22,*Nc1cccc(NC*)c1,*C3CC3,0,3,0,18,-0.063 ,NO
GPSub_22,*Nc1cccc(NC*)c1,*Nc2cc(NC3CC3)n3ncc(C#N)c3n2,18,0,0,0,-0.056 ,NO
GPSub_22,*Nc1cccc(NC*)c1,*Nc2cc(N*)n3ncc(C#N)c3n2,25,0,0,0,-0.064 ,NO
GPSub_7,*N(CCNC(C)C)*,*NCC(=O)N,425,68,73,384,-0.187 ,NO
GPSub_7,*N(CCNC(C)C)*,*CC(=O)N(C)*,293,0,102,230,-0.141 ,NO
GPSub_7,*N(CCNC(C)C)*,*CCCC(=O)*,231,76,46,299,-0.142 ,NO
GPSub_7,*N(CCNC(C)C)*,CC(NC(CC*)C(=O)O)C(=O)*,26,0,0,0,-0.194 ,NO
GPSub_7,*N(CCNC(C)C)*,CC(NC(C*)C(=O)O)*,32,0,0,0,-0.217 ,NO
GPSub_7,*N(CCNC(C)C)*,*C(CC*)C(=O)O,35,33,0,4,-0.166 ,NO
GPSub_7,*N(CCNC(C)C)*,*C(C*)C(=O)O,41,25,0,4,-0.189 ,NO
GPSub_7,*N(CCNC(C)C)*,*NC(CC*)C(=O)O,80,0,0,0,-0.180 ,NO
GPSub_7,*N(CCNC(C)C)*,*NC(C*)C(=O)O,94,0,0,0,-0.202 ,NO
GPSub_7,*N(CCNC(C)C)*,*NC(*)C(=O)O,82,2,0,2,-0.204 ,NO
GPSub_7,*N(CCNC(C)C)*,*CCCCC(=O)*,107,52,14,49,-0.226 ,NO
GPSub_7,*N(CCNC(C)C)*,*CCCCCC(=O)*,56,21,4,6,-0.176 ,NO
GPSub_7,*N(CCNC(C)C)*,*N1CCCC1C(=O)*,41,3,0,6,-0.204 ,NO
GPSub_7,*N(CCNC(C)C)*,*N1CCCC1*,54,0,3,6,-0.223 ,NO
GPSub_7,*N(CCNC(C)C)*,CC(=O)NC(C*)C(=O)*,244,67,45,231,-0.136 ,NO
GPSub_7,*N(CCNC(C)C)*,CC(=O)NC(*)C(=O)*,203,52,41,231,-0.130 ,NO
GPSub_7,*N(CCNC(C)C)*,CCCC(NC(=O)*)C(=O)*,194,24,49,209,-0.207 ,NO
GPSub_7,*N(CCNC(C)C)*,CCCC(NC(=O)*)*,249,4,79,219,-0.195 ,NO
GPSub_7,*N(CCNC(C)C)*,CCCC(N*)C(=O)*,346,95,0,491,-0.167 ,NO
GPSub_7,*N(CCNC(C)C)*,*NC(C)C(=O)N1CCCC1C(=O)*,39,8,0,0,-0.217 ,NO
GPSub_7,*N(CCNC(C)C)*,*NCC(=O)N3CCCC3*,52,6,2,0,-0.237 ,NO
GPSub_7,*N(CCNC(C)C)*,CC(NC(C*)*)C(=O)*,119,0,0,0,-0.157 ,NO
GPSub_7,*N(CCNC(C)C)*,CC(NC(CC*)C(=O)*)*,42,0,0,0,-0.142 ,NO
GPSub_7,*N(CCNC(C)C)*,*CCC(NC(=O)*)C(=O)*,223,32,49,224,-0.191 ,NO
GPSub_7,*N(CCNC(C)C)*,CCC(NC(*)C(=O)*)C(=O)*,39,0,0,0,-0.142 ,NO
GPSub_7,*N(CCNC(C)C)*,CCC(NC(*)*)C(=O)*,47,0,0,0,-0.157 ,NO
GPSub_7,*N(CCNC(C)C)*,CCC(NC(*)C(=O)*)*,64,0,0,0,-0.157 ,NO
GPSub_7,*N(CCNC(C)C)*,*NC(*)C(=O)NCC(=O)*,309,131,0,334,-0.098 ,NO
GPSub_7,*N(CCNC(C)C)*,*CCCCC(N*)C(=O)*,92,5,0,3,-0.132 ,NO
GPSub_4,*N(C)CC(C)N,*CC(=O)O,38,82,44,27,-0.102 ,YES
GPSub_4,*N(C)CC(C)N,CC(C)N(C)C*,455,46,9,159,-0.142 ,NO
GPSub_4,*N(C)CC(C)N,*CCNC(C)C,964,185,68,522,-0.188 ,NO
GPSub_4,*N(C)CC(C)N,*CCCNC(C)C,445,102,41,279,-0.089 ,NO
GPSub_4,*N(C)CC(C)N,*CCCCNC(C)C,312,95,31,200,-0.129 ,NO
GPSub_4,*N(C)CC(C)N,*NCC(=O)O,92,11,9,10,-0.148 ,NO
GPSub_4,*N(C)CC(C)N,*C(=O)C4CCCN4*,60,2,0,14,-0.156 ,NO
GPSub_4,*N(C)CC(C)N,*C(C(=O)NC(C)C)*,311,80,25,234,-0.087 ,NO
GPSub_4,*N(C)CC(C)N,CCCCCN(CC*)*,569,24,60,157,-0.026 ,NO
GPSub_4,*N(C)CC(C)N,CCCCCN(C*)*,515,24,47,139,-0.053 ,NO
GPSub_4,*N(C)CC(C)N,CCCCCN(*)*,238,7,34,74,-0.088 ,NO
GPSub_4,*N(C)CC(C)N,*CCCCC(=O)*,175,54,14,105,-0.151 ,NO
GPSub_4,*N(C)CC(C)N,*CCNC(C)*,1187,128,194,605,-0.173 ,NO
GPSub_4,*N(C)CC(C)N,*CCCCNC(C)*,347,97,67,219,-0.127 ,NO
GPSub_4,*N(C)CC(C)N,CC(=O)NC(*)C(=O)*,253,91,29,274,-0.068 ,NO
GPSub_4,*N(C)CC(C)N,NC(C(=O)N1CCCC1C(=O)*)*,60,2,0,15,-0.163 ,NO
GPSub_4,*N(C)CC(C)N,CCCC(N*)C(=O)*,356,110,73,390,-0.062 ,NO
GPSub_4,*N(C)CC(C)N,*C(C)C(=O)N1CCCC1C(=O)*,60,2,0,15,-0.163 ,NO
GPSub_4,*N(C)CC(C)N,*NC(C)C(=O)N1CCCC1C(=O)*,57,2,0,14,-0.163 ,NO
GPSub_4,*N(C)CC(C)N,*C(=O)C(NC(=O)C(C)*)*,251,81,31,237,-0.064 ,NO
GPSub_4,*N(C)CC(C)N,*CCN(CC*)C(=O)*,277,5,6,42,-0.108 ,NO
GPSub_4,*N(C)CC(C)N,*CCCC(=O)NC(C*)*,613,188,146,476,-0.107 ,NO
GPSub_4,*N(C)CC(C)N,*CCCCC(=O)NC(C*)*,250,58,38,137,-0.105 ,NO
GPSub_4,*N(C)CC(C)N,*CCCCC(=O)NC(*)*,152,25,27,70,-0.110 ,NO
GPSub_20,*Cn1cc(*)c(=O)cc1*,*c3ccc(F)cc3,31,0,0,5,-0.342 ,NO
GPSub_20,*Cn1cc(*)c(=O)cc1*,CN(C)*,0,3,31,16,-0.365 ,NO
GPSub_20,*Cn1cc(*)c(=O)cc1*,CCC*,70,2,48,391,-0.308 ,NO
GPSub_20,*Cn1cc(*)c(=O)cc1*,Nc1cccc(*)c1,40,0,0,8,-0.357 ,NO
GPSub_20,*Cn1cc(*)c(=O)cc1*,*NCC*,6,0,210,111,-0.385 ,NO
GPSub_20,*Cn1cc(*)c(=O)cc1*,*CCn1cc(C(=O)*)c(=O)cc1*,65,0,0,0,-0.273 ,NO
GPSub_11,*CCN(*)CC(=O)NCC*,*CCN(C*)CC(=O)NCC*,3094,24,692,448,-0.166 ,NO
GPSub_21,*CC(=N)*,CSC*,0,0,86,11,-0.228 ,NO
GPSub_21,*CC(=N)*,*C(=O)O,0,0,37,51,-0.108 ,NO
GPSub_21,*CC(=N)*,*CC(=O)O,0,1,77,37,-0.107 ,NO
GPSub_21,*CC(=N)*,*C(=O)NC2C(=O)N3C(=CCSC23)C(=O)O,28,0,0,0,-0.385 ,NO
GPSub_21,*CC(=N)*,*C(=O)N,60,7,62,45,-0.169 ,NO
GPSub_21,*CC(=N)*,*C(=O)NC1C(=O)N2C(=C(C)CSC12)C(=O)O,27,0,0,0,-0.391 ,NO
GPSub_21,*CC(=N)*,CSCC(*)*,0,0,30,1,-0.324 ,NO
GPSub_21,*CC(=N)*,*CCN(C)C*,13,2,146,71,-0.237 ,NO
GPSub_21,*CC(=N)*,*C=CC(=O)*,2,22,1,59,-0.212 ,NO
GPSub_21,*CC(=N)*,*C=CC(=*)*,35,22,1,67,-0.165 ,NO
GPSub_16,*C(=O)NC3CN(*)C3,CSC*,287,7,0,11,-0.293 ,NO
GPSub_16,*C(=O)NC3CN(*)C3,*C(=O)NC2C(=O)N3C(=CCSC23)C(=O)O,54,0,0,0,-0.246 ,NO
GPSub_16,*C(=O)NC3CN(*)C3,*Cc3ccccc3,5,59,2,11,-0.172 ,NO
GPSub_16,*C(=O)NC3CN(*)C3,*NC(=O)Cc3ccccc3,32,0,0,3,-0.233 ,NO
GPSub_16,*C(=O)NC3CN(*)C3,CC=C*,0,224,16,2,-0.268 ,NO
GPSub_16,*C(=O)NC3CN(*)C3,*C(=O)NC1C(=O)N2C(=C(C)CSC12)C(=O)O,52,0,0,0,-0.235 ,NO
GPSub_16,*C(=O)NC3CN(*)C3,CSCC(*)*,110,0,0,3,-0.334 ,NO
GPSub_16,*C(=O)NC3CN(*)C3,*C1=C(C(=O)O)N2C(=O)C(NC(=O)C*)C2SC1,69,0,0,0,-0.248 ,NO
